Policy;F-measure
2;0.3174603174603175
1;0.16849816849816848
3;0.06153846153846154
