Policy;MCC
2;0.307507405541
1;0.235383821713
3;0.144602653984
