Policy;F-measure
2;0.3285714285714286
1;0.17869415807560138
3;0.05555555555555555
