Policy;MCC
2;0.3130715351588768
1;0.2454552001932097
3;0.13688814480913516
