Policy;MCC
2;0.313071535159
1;0.245455200193
3;0.136888144809
