Policy;F-measure
2;0.31081081081081086
1;0.17320261437908496
3;0.0547945205479452
