Policy;MCC
2;0.30750740554103595
1;0.23538382171294803
3;0.14460265398394534
