Policy;F-measure
2;0.3125
1;0.1678832116788321
3;0.06153846153846154
