Policy;F-measure
2;0.3384615384615385
1;0.20901639344262296
3;0.05714285714285715
