Policy;F-measure
2;0.3129251700680272
1;0.2122448979591837
3;0.05555555555555555
