Policy;F-measure
2;0.3309352517985612
1;0.22222222222222218
3;0.056338028169014086
