Policy;MCC
2;0.3484583128301564
1;0.274073006951311
3;0.13970406087976017
