Policy;MCC
2;0.34845831283
1;0.274073006951
3;0.13970406088
