Policy;F-measure
2;0.360655737704918
1;0.2188183807439825
3;0.057971014492753624
