Policy;MCC
2;0.3128702497
1;0.27335702746
3;0.137384327273
