Policy;MCC
2;0.31287024969973576
1;0.27335702745961066
3;0.1373843272725868
