Policy;F-measure
2;0.339622641509434
1;0.1704781704781705
3;0.07407407407407407
