Policy;F-measure
2;0.31578947368421056
1;0.1640625
3;0.07272727272727272
