Policy;MCC
2;0.3228974831184776
1;0.23688295527577294
3;0.1592560167806089
