Policy;MCC
2;0.322897483118
1;0.236882955276
3;0.159256016781
