Policy;F-measure
2;0.33587786259541985
1;0.190127970749543
3;0.0
