Policy;MCC
3;nan
2;0.340226488889
1;0.254945541299
