Policy;MCC
3;nan
2;0.3402264888893537
1;0.2549455412993033
