Policy;MCC
2;0.312935736673
1;0.253875285774
3;0.136860939368
