Policy;F-measure
2;0.3285714285714286
1;0.18848167539267016
3;0.05555555555555555
