Policy;MCC
2;0.312935736672777
1;0.25387528577406315
3;0.13686093936812943
