Policy;F-measure
2;0.31081081081081086
1;0.18211920529801323
3;0.0547945205479452
