Policy;MCC
2;0.272746866146
1;0.204041066436
3;0.149407816049
