Policy;MCC
2;0.27274686614621485
1;0.2040410664357279
3;0.1494078160490683
