Policy;F-measure
2;0.2905982905982906
1;0.1532567049808429
3;0.06557377049180328
