Policy;F-measure
2;0.272
1;0.14828209764918626
3;0.06451612903225806
