Policy;F-measure
1;0.5263157894736842
2;0.2117647058823529
3;0.0
