Policy;MCC
3;nan
1;0.5598312545514342
2;0.30273274577452713
