Policy;F-measure
1;0.5290102389078498
2;0.20994475138121546
3;0.0
