Policy;F-measure
1;0.4819277108433735
2;0.21978021978021975
3;0.0
