Policy;MCC
1;0.334682819716
2;0.331959922196
3;0.0798272749963
