Policy;F-measure
1;0.473394495412844
2;0.22222222222222224
3;0.0
