Policy;MCC
2;0.334074868233
1;0.328997800388
3;0.0825181558828
