Policy;MCC
3;nan
1;0.5642088873048038
2;0.3029093521608287
