Policy;MCC
3;nan
1;0.552885861940383
2;0.30246894271088764
