Policy;F-measure
1;0.5212355212355212
2;0.2138364779874214
3;0.0
