Policy;MCC
2;0.341538926686
1;0.340803599377
3;0.0854780764172
