Policy;MCC
2;0.322698742764
1;0.303346428236
3;0.0950951987789
