Policy;F-measure
1;0.4935064935064935
2;0.23076923076923075
3;0.0
