Policy;F-measure
1;0.46484375000000006
2;0.22500000000000003
3;0.0
