Policy;F-measure
1;0.5253012048192771
2;0.23076923076923075
3;0.0
