Policy;MCC
3;nan
1;0.5476576714555939
2;0.31853775341276286
