Policy;F-measure
1;0.48618784530386744
2;0.2469135802469136
3;0.0
