Policy;MCC
2;0.355561885395
1;0.355383871902
3;0.0854950526333
