Policy;MCC
3;nan
1;0.5874277736419796
2;0.3244363913169843
