Policy;F-measure
1;0.5182341650671786
2;0.23602484472049692
3;0.0
