Policy;MCC
3;nan
1;0.5576949829373804
2;0.29272201413606624
