Policy;F-measure
1;0.525328330206379
2;0.19753086419753088
3;0.0
