Policy;F-measure
1;0.4705882352941177
2;0.2085889570552147
3;0.0
