Policy;MCC
1;0.346537813684
2;0.321277667444
3;0.0839623039098
