Policy;F-measure
1;0.48432055749128916
2;0.22099447513812157
3;0.0
