Policy;MCC
3;nan
1;0.5696717198844432
2;0.3038817269182349
