Policy;F-measure
1;0.5344827586206896
2;0.21111111111111108
3;0.0
