Policy;MCC
1;0.338019010616
2;0.333025452984
3;0.0800836480388
