Policy;F-measure
1;0.5592841163310962
2;0.14492753623188404
3;0.0
