Policy;MCC
3;nan
1;0.579628449815021
2;0.25618863515795204
