Policy;MCC
3;nan
1;0.335318530472
2;0.290209037209
