Policy;F-measure
1;0.49321266968325794
2;0.15827338129496402
3;0.0
